Entreprise,2022,2023,2024,Croissance 2022-2023 (%),Croissance 2023-2024 (%)
TSLA,81462.0,96773.0,97690.0,18.795266504627925,0.9475783534663594
AAPL,368234.0,375970.0,390036.0,2.100838054063449,3.741255951272708
MSFT,188852.0,205357.0,225340.0,8.739647978311059,9.730858943206222
