Métrique,2025 (Prédit),2026 (Prédit),Confiance (%)
Revenue (millions $),108203.0,116317.0,79.22375087209969
Net_income (millions $),6137.333333333023,3420.333333333023,45.94939282943743
Gross_profit (millions $),15251.333333333489,13549.833333333489,79.60956074764898
Net margin (%),4.619712613051888,0.555095296134823,74.7975094456383
Gross margin (%),12.83417378989816,8.966267860128937,78.73510304446755
