Entreprise,2022 (%),2023 (%),2024 (%),Variation 2022-2023 (points),Variation 2023-2024 (points)
TSLA,15.451376101740689,15.47332417099811,7.322141467908691,0.02194806925742121,-8.151182703089418
AAPL,27.103146368885,25.087108013937282,24.907957214205865,-2.0160383549477174,-0.179150799731417
MSFT,35.705208311270205,35.236685382042005,32.11191976568741,-0.46852292922820027,-3.124765616354594
